model,MAPE,MAE,RMSE
Naive,8.295274077599544,49084.375,58606.80553094211
Seasonal Naive (12),10.000338673792841,61143.333333333336,64245.21422643091
